{
  "$schema": "https://schema.management.azure.com/schemas/2015-01-01/deploymentTemplate.json#",
  "contentVersion": "1.0.0.0",
  "parameters": {
    "adminUsername": {
      "type": "string",
      "metadata": {
        "description": "Username for the Virtual Machine."
      }
    },
    "adminPassword": {
      "type": "securestring",
      "metadata": {
        "description": "Password for the Virtual Machine."
      }
    },
    "windowsOSVersion": {
      "type": "string",
      "defaultValue": "2016-Datacenter",
      "allowedValues": [
        "2008-R2-SP1",
        "2012-Datacenter",
        "2012-R2-Datacenter",
        "2016-Nano-Server",
        "2016-Datacenter-with-Containers",
        "2016-Datacenter",
        "2019-Datacenter"
      ],
      "metadata": {
        "description": "The Windows version for the VM. This will pick a fully patched image of this given Windows version."
      }
    },
    "location": {
      "type": "string",
      "defaultValue": "[resourceGroup().location]",
      "metadata": {
        "description": "Location for all resources."
      }
    },
    "virtualMachineName": {
      "type": "string",
      "defaultValue": "myVM",
      "metadata": {
        "description": "The name of the VM"
      }
    },
    "virtualMachineSize": {
      "type": "string",
      "defaultValue": "Standard_DS13_v2",
      "allowedValues": [
        "Standard_DS13_v2",
        "Standard_DS3_v2"
      ],
      "metadata": {
        "description": "The virtual machine size."
      }
    },
    "imageOffer": {
      "type": "String",
      "allowedValues": [
        "SQL2017-WS2016",
        "SQL2016SP1-WS2016",
        "SQL2016SP2-WS2016",
        "SQL2014SP3-WS2012R2",
        "SQL2014SP2-WS2012R2"
      ],
      "defaultValue": "SQL2017-WS2016",
      "metadata": {
        "description": "Windows Server and SQL Offer"
      }
    },
    "sqlSku": {
      "type": "string",
      "allowedValues": [
        "Standard",
        "Enterprise",
        "SQLDEV",
        "Web",
        "Express"
      ],
      "defaultValue": "Standard",
      "metadata": {
        "description": "SQL Server Sku"
      }
    },
    "SQLadminUsername": {
      "type": "String",
      "metadata": {
        "description": "The admin user name of the VM"
      }
    },
    "SQLadminPassword": {
      "type": "SecureString",
      "metadata": {
        "description": "The admin password of the VM"
      }
    },
    "storageWorkloadType": {
      "type": "String",
      "allowedValues": [
        "General",
        "OLTP",
        "DW"
      ],
      "defaultValue": "General",
      "metadata": {
        "description": "SQL Server Workload Type"
      }
    },
    "sqlDataDisksCount": {
      "type": "int",
      "defaultValue": 1,
      "minValue": 1,
      "maxValue": 8,
      "metadata": {
        "description": "Amount of data disks (1TB each) for SQL Data files"
      }
    },
    "dataPath": {
      "type": "String",
      "defaultValue": "F:\\SQLData",
      "metadata": {
        "description": "Path for SQL Data files"
      }
    },
    "sqlLogDisksCount": {
      "type": "int",
      "defaultValue": 1,
      "minValue": 1,
      "maxValue": 8,
      "metadata": {
        "description": "Amount of data disks (1TB each) for SQL Log files"
      }
    },
    "logPath": {
      "type": "String",
      "defaultValue": "G:\\SQLLog",
      "metadata": {
        "description": "Path for SQL Log files"
      }
    },
    "tempDbPath": {
      "type": "string",
      "defaultValue": "D:\\SQLTemp",
      "metadata": {
        "description": "Path for SQL Temp DB files"
      }
    },
    "SQLlocation": {
      "type": "string",
      "metadata": {
        "description": "Location for all resources."
      },
      "defaultValue": "[resourceGroup().location]"
    },
    "appName": {
      "type": "string",
      "metadata": {
        "description": "The name of the function app that you wish to create."
      }
    },
    "storageAccountType": {
      "type": "string",
      "defaultValue": "Standard_LRS",
      "allowedValues": [ "Standard_LRS", "Standard_GRS", "Standard_RAGRS" ],
      "metadata": {
        "description": "Storage Account type"
      }
    },
    "funcLocation": {
      "type": "string",
      "defaultValue": "[resourceGroup().location]",
      "metadata": {
        "description": "Location for all resources."
      }
    },
    "runtime": {
      "type": "string",
      "defaultValue": "node",
      "allowedValues": [ "node", "dotnet", "java" ],
      "metadata": {
        "description": "The language worker runtime to load in the function app."
      }
    },
    "accountName": {
      "type": "string",
      "defaultValue": "[concat('sql-', uniqueString(resourceGroup().id))]",
      "metadata": {
        "description": "Cosmos DB account name"
      }
    },
    "CosmosDBlocation": {
      "type": "string",
      "defaultValue": "[resourceGroup().location]",
      "metadata": {
        "description": "Location for the Cosmos DB account."
      }
    },
    "primaryRegion": {
      "type": "string",
      "metadata": {
        "description": "The primary replica region for the Cosmos DB account."
      }
    },
    "defaultConsistencyLevel": {
      "type": "string",
      "defaultValue": "Session",
      "allowedValues": [ "Eventual", "ConsistentPrefix", "Session", "BoundedStaleness", "Strong" ],
      "metadata": {
        "description": "The default consistency level of the Cosmos DB account."
      }
    },
    "maxStalenessPrefix": {
      "type": "int",
      "minValue": 10,
      "defaultValue": 100000,
      "maxValue": 2147483647,
      "metadata": {
        "description": "Max stale requests. Required for BoundedStaleness. Valid ranges, Single Region: 10 to 1000000. Multi Region: 100000 to 1000000."
      }
    },
    "maxIntervalInSeconds": {
      "type": "int",
      "minValue": 5,
      "defaultValue": 300,
      "maxValue": 86400,
      "metadata": {
        "description": "Max lag time (seconds). Required for BoundedStaleness. Valid ranges, Single Region: 5 to 84600. Multi Region: 300 to 86400."
      }
    },
    "automaticFailover": {
      "type": "bool",
      "defaultValue": false,
      "allowedValues": [ true, false ],
      "metadata": {
        "description": "Enable automatic failover for regions. Ignored when Multi-Master is enabled"
      }
    },
    "databaseName": {
      "type": "string",
      "metadata": {
        "description": "The name for the SQL database"
      }
    },
    "throughput": {
      "type": "int",
      "defaultValue": 400,
      "minValue": 400,
      "maxValue": 1000000,
      "metadata": {
        "description": "The throughput for the database"
      }
    },
    "container1Name": {
      "type": "string",
      "defaultValue": "container1",
      "metadata": {
        "description": "The name for the first SQL container"
      }
    },
    "multipleWriteLocations": {
      "type": "bool",
      "defaultValue": false,
      "allowedValues": [ true, false ],
      "metadata": {
        "description": "Enable multi-master to make all regions writable."
      }
    }
  },
  "variables": {
    "storageAccountName": "[concat(uniquestring(resourceGroup().id), 'sawinvm')]",
    "nicName": "myVMNic",
    "addressPrefix": "10.0.0.0/16",
    "subnetName": "Subnet",
    "subnetPrefix": "10.0.0.0/24",
    "publicIPAddressName": "myPublicIP",
    "vmName": "SimpleWinVM",
    "virtualNetworkName": "MyVNET",
    "subnetRef": "[resourceId('Microsoft.Network/virtualNetworks/subnets', variables('virtualNetworkName'), variables('subnetName'))]",
    "SQLSubnetName": "SQLSubnet",
    "SQLSubnetPrefix": "10.0.1.0/24",
    "SQLpublicIPAddressName": "SQLPublicIP",
    "SQLSubnetRef": "[resourceId('Microsoft.Network/virtualNetworks/subnets', variables('virtualNetworkName'), variables('SQLSubnetName'))]",
    "networkInterfaceName": "[concat(parameters('virtualMachineName'), '-nic')]",
    "networkSecurityGroupName": "[concat(parameters('virtualMachineName'), '-nsg')]",
    "networkSecurityGroupRules": [
      {
        "name": "RDP",
        "properties": {
          "priority": 300,
          "protocol": "TCP",
          "access": "Allow",
          "direction": "Inbound",
          "sourceAddressPrefix": "*",
          "sourcePortRange": "*",
          "destinationAddressPrefix": "*",
          "destinationPortRange": "3389"
        }
      }
    ],
    "publicIpAddressName": "[concat(parameters('virtualMachineName'), '-publicip-', uniqueString(parameters('virtualMachineName')))]",
    "publicIpAddressType": "Dynamic",
    "publicIpAddressSku": "Basic",
    "diskConfigurationType": "NEW",
    "nsgId": "[resourceId('Microsoft.Network/networkSecurityGroups', variables('networkSecurityGroupName'))]",
    "dataDisksLuns": "[array(range(0 ,parameters('sqlDataDisksCount')))]",
    "logDisksLuns": "[array(range(parameters('sqlDataDisksCount'), parameters('sqlLogDisksCount')))]",
    "dataDisks": {
      "createOption": "empty",
      "caching": "ReadOnly",
      "writeAcceleratorEnabled": false,
      "storageAccountType": "Premium_LRS",
      "diskSizeGB": 1023
    },
    "functionAppName": "[concat(parameters('appName'),'-func99')]",
    "hostingPlanName": "[parameters('appName')]",
    "applicationInsightsName": "[parameters('appName')]",
    "funcstorageAccountName": "[concat(uniquestring(resourceGroup().id), 'azfunctions')]",
    "storageAccountid": "[concat(resourceGroup().id,'/providers/','Microsoft.Storage/storageAccounts/', variables('storageAccountName'))]",
    "functionWorkerRuntime": "[parameters('runtime')]",
    "accountName": "[toLower(parameters('accountName'))]",
    "consistencyPolicy": {
      "Eventual": {
        "defaultConsistencyLevel": "Eventual"
      },
      "ConsistentPrefix": {
        "defaultConsistencyLevel": "ConsistentPrefix"
      },
      "Session": {
        "defaultConsistencyLevel": "Session"
      },
      "BoundedStaleness": {
        "defaultConsistencyLevel": "BoundedStaleness",
        "maxStalenessPrefix": "[parameters('maxStalenessPrefix')]",
        "maxIntervalInSeconds": "[parameters('maxIntervalInSeconds')]"
      },
      "Strong": {
        "defaultConsistencyLevel": "Strong"
      }
    },
    "locations": [
      {
        "locationName": "[parameters('primaryRegion')]",
        "failoverPriority": 0
      }
    ]
  },
  "resources": [
    {
      "type": "Microsoft.Storage/storageAccounts",
      "apiVersion": "2018-11-01",
      "name": "[variables('storageAccountName')]",
      "location": "[parameters('location')]",
      "sku": {
        "name": "Standard_LRS"
      },
      "kind": "Storage",
      "properties": {}
    },
    {
      "type": "Microsoft.Network/publicIPAddresses",
      "apiVersion": "2018-11-01",
      "name": "[variables('publicIPAddressName')]",
      "location": "[parameters('location')]",
      "properties": {
        "publicIPAllocationMethod": "Dynamic"
      }
    },
    {
      "type": "Microsoft.Network/publicIPAddresses",
      "apiVersion": "2018-11-01",
      "name": "[variables('SQLpublicIPAddressName')]",
      "location": "[parameters('location')]",
      "properties": {
        "publicIPAllocationMethod": "Dynamic"
      }
    },
    {
      "type": "Microsoft.Network/virtualNetworks",
      "apiVersion": "2018-11-01",
      "name": "[variables('virtualNetworkName')]",
      "location": "[parameters('location')]",
      "properties": {
        "addressSpace": {
          "addressPrefixes": [
            "[variables('addressPrefix')]"
          ]
        },
        "subnets": [
          {
            "name": "[variables('subnetName')]",
            "properties": {
              "addressPrefix": "[variables('subnetPrefix')]"
            }
          },
          {
            "name": "[variables('SQLSubnetName')]",
            "properties": {
              "addressPrefix": "[variables('SQLSubnetPrefix')]"
            }
          }
        ]
      }
    },
    {
      "type": "Microsoft.Network/networkInterfaces",
      "apiVersion": "2018-11-01",
      "name": "[variables('nicName')]",
      "location": "[parameters('location')]",
      "dependsOn": [
        "[resourceId('Microsoft.Network/publicIPAddresses/', variables('publicIPAddressName'))]",
        "[resourceId('Microsoft.Network/virtualNetworks/', variables('virtualNetworkName'))]"
      ],
      "properties": {
        "ipConfigurations": [
          {
            "name": "ipconfig1",
            "properties": {
              "privateIPAllocationMethod": "Dynamic",
              "publicIPAddress": {
                "id": "[resourceId('Microsoft.Network/publicIPAddresses',variables('publicIPAddressName'))]"
              },
              "subnet": {
                "id": "[variables('subnetRef')]"
              }
            }
          }
        ]
      }
    },
    {
      "type": "Microsoft.Compute/virtualMachines",
      "apiVersion": "2018-10-01",
      "name": "[variables('vmName')]",
      "location": "[parameters('location')]",
      "dependsOn": [
        "[resourceId('Microsoft.Storage/storageAccounts/', variables('storageAccountName'))]",
        "[resourceId('Microsoft.Network/networkInterfaces/', variables('nicName'))]"
      ],
      "properties": {
        "hardwareProfile": {
          "vmSize": "Standard_A2"
        },
        "osProfile": {
          "computerName": "[variables('vmName')]",
          "adminUsername": "[parameters('adminUsername')]",
          "adminPassword": "[parameters('adminPassword')]"
        },
        "storageProfile": {
          "imageReference": {
            "publisher": "MicrosoftWindowsServer",
            "offer": "WindowsServer",
            "sku": "[parameters('windowsOSVersion')]",
            "version": "latest"
          },
          "osDisk": {
            "createOption": "FromImage"
          },
          "dataDisks": [
            {
              "diskSizeGB": 1023,
              "lun": 0,
              "createOption": "Empty"
            }
          ]
        },
        "networkProfile": {
          "networkInterfaces": [
            {
              "id": "[resourceId('Microsoft.Network/networkInterfaces',variables('nicName'))]"
            }
          ]
        },
        "diagnosticsProfile": {
          "bootDiagnostics": {
            "enabled": true,
            "storageUri": "[reference(resourceId('Microsoft.Storage/storageAccounts/', variables('storageAccountName'))).primaryEndpoints.blob]"
          }
        }
      }
    },
    {
      "type": "Microsoft.Network/networkSecurityGroups",
      "apiVersion": "2019-02-01",
      "name": "[variables('networkSecurityGroupName')]",
      "location": "[parameters('location')]",
      "properties": {
        "securityRules": "[variables('networkSecurityGroupRules')]"
      }
    },
    {
      "type": "Microsoft.Network/networkInterfaces",
      "apiVersion": "2018-10-01",
      "name": "[variables('networkInterfaceName')]",
      "location": "[parameters('location')]",
      "dependsOn": [
        "[concat('Microsoft.Network/networkSecurityGroups/', variables('networkSecurityGroupName'))]",
        "[concat('Microsoft.Network/publicIpAddresses/', variables('SQLpublicIPAddressName'))]",
        "[resourceId('Microsoft.Network/virtualNetworks/', variables('virtualNetworkName'))]"
      ],
      "properties": {
        "ipConfigurations": [
          {
            "name": "ipconfig2",
            "properties": {
              "subnet": {
                "id": "[variables('SQLSubnetRef')]"
              },
              "privateIPAllocationMethod": "Dynamic",
              "publicIpAddress": {
                "id": "[resourceId('Microsoft.Network/publicIpAddresses', variables('SQLpublicIPAddressName'))]"
              }
            }
          }
        ],
        "networkSecurityGroup": {
          "id": "[variables('nsgId')]"
        }
      }
    },
    {
      "type": "Microsoft.SqlVirtualMachine/SqlVirtualMachines",
      "apiVersion": "2017-03-01-preview",
      "name": "[parameters('virtualMachineName')]",
      "location": "[parameters('location')]",
      "dependsOn": [
        "[resourceId('Microsoft.Compute/virtualMachines', parameters('virtualMachineName'))]"
      ],
      "properties": {
        "virtualMachineResourceId": "[resourceId('Microsoft.Compute/virtualMachines', parameters('virtualMachineName'))]",
        "sqlManagement": "Full",
        "SqlServerLicenseType": "PAYG",
        "StorageConfigurationSettings": {
          "DiskConfigurationType": "[variables('diskConfigurationType')]",
          "StorageWorkloadType": "[parameters('storageWorkloadType')]",
          "SQLDataSettings": {
            "LUNs": "[variables('dataDisksLUNs')]",
            "DefaultFilePath": "[parameters('dataPath')]"
          },
          "SQLLogSettings": {
            "Luns": "[variables('logDisksLUNs')]",
            "DefaultFilePath": "[parameters('logPath')]"
          },
          "SQLTempDbSettings": {
            "DefaultFilePath": "[parameters('tempDbPath')]"
          }
        }
      }
    },
    {
      "type": "Microsoft.Compute/virtualMachines",
      "apiVersion": "2018-10-01",
      "name": "[parameters('virtualMachineName')]",
      "location": "[parameters('location')]",
      "dependsOn": [
        "[concat('Microsoft.Network/networkInterfaces/', variables('networkInterfaceName'))]"
      ],
      "properties": {
        "hardwareProfile": {
          "vmSize": "[parameters('virtualMachineSize')]"
        },
        "storageProfile": {
          "osDisk": {
            "createOption": "FromImage",
            "managedDisk": {
              "storageAccountType": "Premium_LRS"
            }
          },
          "imageReference": {
            "publisher": "MicrosoftSQLServer",
            "offer": "[parameters('imageOffer')]",
            "sku": "[parameters('sqlSku')]",
            "version": "latest"
          },
          "copy": [
            {
              "name": "dataDisks",
              "count": "[add(parameters('sqlDataDisksCount'), parameters('sqlLogDisksCount'))]",
              "input": {
                "lun": "[copyIndex('dataDisks')]",
                "createOption": "[variables('dataDisks').createOption]",
                "caching": "[if(greaterOrEquals(copyIndex('dataDisks'), parameters('sqlDataDisksCount')) ,'None', variables('dataDisks').caching )]",
                "writeAcceleratorEnabled": "[variables('dataDisks').writeAcceleratorEnabled]",
                "diskSizeGB": "[variables('dataDisks').diskSizeGB]",
                "managedDisk": {
                  "storageAccountType": "[variables('dataDisks').storageAccountType]"
                }
              }
            }
          ]
        },
        "networkProfile": {
          "networkInterfaces": [
            {
              "id": "[resourceId('Microsoft.Network/networkInterfaces', variables('networkInterfaceName'))]"
            }
          ]
        },
        "osProfile": {
          "computerName": "[parameters('virtualMachineName')]",
          "adminUsername": "[parameters('adminUsername')]",
          "adminPassword": "[parameters('adminPassword')]",
          "windowsConfiguration": {
            "enableAutomaticUpdates": true,
            "provisionVmAgent": true
          }
        }
      }
    },
    {
      "type": "Microsoft.Storage/storageAccounts",
      "name": "[variables('funcstorageAccountName')]",
      "apiVersion": "2018-02-01",
      "location": "[parameters('funcLocation')]",
      "kind": "Storage",
      "sku": {
        "name": "[parameters('storageAccountType')]"
      }
    },
    {
      "type": "Microsoft.Web/serverfarms",
      "apiVersion": "2018-02-01",
      "name": "[variables('hostingPlanName')]",
      "location": "[parameters('funcLocation')]",
      "sku": {
        "name": "Y1",
        "tier": "Dynamic"
      },
      "properties": {
        "name": "[variables('hostingPlanName')]",
        "computeMode": "Dynamic"
      }
    },
    {
      "apiVersion": "2015-08-01",
      "type": "Microsoft.Web/sites",
      "name": "[variables('functionAppName')]",
      "location": "[parameters('funcLocation')]",
      "kind": "functionapp",
      "dependsOn": [
        "[resourceId('Microsoft.Web/serverfarms', variables('hostingPlanName'))]",
        "[resourceId('Microsoft.Storage/storageAccounts', variables('funcstorageAccountName'))]"
      ],
      "properties": {
        "serverFarmId": "[resourceId('Microsoft.Web/serverfarms', variables('hostingPlanName'))]",
        "siteConfig": {
          "appSettings": [
            {
              "name": "AzureWebJobsDashboard",
              "value": "[concat('DefaultEndpointsProtocol=https;AccountName=', variables('funcstorageAccountName'), ';AccountKey=', listKeys(variables('storageAccountid'),'2015-05-01-preview').key1)]"
            },
            {
              "name": "AzureWebJobsStorage",
              "value": "[concat('DefaultEndpointsProtocol=https;AccountName=', variables('funcstorageAccountName'), ';AccountKey=', listKeys(variables('storageAccountid'),'2015-05-01-preview').key1)]"
            },
            {
              "name": "WEBSITE_CONTENTAZUREFILECONNECTIONSTRING",
              "value": "[concat('DefaultEndpointsProtocol=https;AccountName=', variables('funcstorageAccountName'), ';AccountKey=', listKeys(variables('storageAccountid'),'2015-05-01-preview').key1)]"
            },
            {
              "name": "WEBSITE_CONTENTSHARE",
              "value": "[toLower(variables('functionAppName'))]"
            },
            {
              "name": "FUNCTIONS_EXTENSION_VERSION",
              "value": "~2"
            },
            {
              "name": "WEBSITE_NODE_DEFAULT_VERSION",
              "value": "8.11.1"
            },
            {
              "name": "APPINSIGHTS_INSTRUMENTATIONKEY",
              "value": "[reference(resourceId('microsoft.insights/components/', variables('applicationInsightsName')), '2015-05-01').InstrumentationKey]"
            },
            {
              "name": "FUNCTIONS_WORKER_RUNTIME",
              "value": "[variables('functionWorkerRuntime')]"
            }
          ]
        }
      }
    },
    {
      "apiVersion": "2018-05-01-preview",
      "name": "[variables('applicationInsightsName')]",
      "type": "microsoft.insights/components",
      "location": "East US",
      "tags": {
        "[concat('hidden-link:', resourceGroup().id, '/providers/Microsoft.Web/sites/', variables('applicationInsightsName'))]": "Resource"
      },
      "properties": {
        "ApplicationId": "[variables('applicationInsightsName')]",
        "Request_Source": "IbizaWebAppExtensionCreate"
      }
    },
    {
      "type": "Microsoft.DocumentDB/databaseAccounts",
      "name": "[variables('accountName')]",
      "apiVersion": "2016-03-31",
      "location": "[parameters('CosmosDBlocation')]",
      "kind": "GlobalDocumentDB",
      "properties": {
        "consistencyPolicy": "[variables('consistencyPolicy')[parameters('defaultConsistencyLevel')]]",
        "locations": "[variables('locations')]",
        "databaseAccountOfferType": "Standard",
        "enableAutomaticFailover": "[parameters('automaticFailover')]",
        "enableMultipleWriteLocations": "[parameters('multipleWriteLocations')]"
      }
    },
    {
      "type": "Microsoft.DocumentDB/databaseAccounts/apis/databases",
      "name": "[concat(variables('accountName'), '/sql/', parameters('databaseName'))]",
      "apiVersion": "2016-03-31",
      "dependsOn": [ "[resourceId('Microsoft.DocumentDB/databaseAccounts/', variables('accountName'))]" ],
      "properties": {
        "resource": {
          "id": "[parameters('databaseName')]"
        },
        "options": { "throughput": "[parameters('throughput')]" }
      }
    },
    {
      "type": "Microsoft.DocumentDb/databaseAccounts/apis/databases/containers",
      "name": "[concat(variables('accountName'), '/sql/', parameters('databaseName'), '/', parameters('container1Name'))]",
      "apiVersion": "2016-03-31",
      "dependsOn": [ "[resourceId('Microsoft.DocumentDB/databaseAccounts/apis/databases', variables('accountName'), 'sql', parameters('databaseName'))]" ],
      "properties": {
        "resource": {
          "id": "[parameters('container1Name')]",
          "partitionKey": {
            "paths": [
              "/MyPartitionKey1"
            ],
            "kind": "Hash"
          },
          "indexingPolicy": {
            "indexingMode": "consistent",
            "includedPaths": [
              {
                "path": "/*"
              }
            ],
            "excludedPaths": [
              {
                "path": "/MyPathToNotIndex/*"
              }
            ]
          }
        }
      }
    }
  ]
}
